<Vehicle xmlns:i="http://www.w3.org/2001/XMLSchema-instance" xmlns="http://schemas.datacontract.org/2004/07/TimePointModel"><Comment/><DVIScript xmlns:d2p1="http://mvtech.timepoint.model" i:nil="true"/><DVIScriptId i:nil="true"/><ESN>4641060512</ESN><GPSEnabled>true</GPSEnabled><GPSId>80812</GPSId><MDC><BatteryLevel>0</BatteryLevel><CreatedDateTime>2013-08-27T12:40:59.14</CreatedDateTime><DatabaseId>0</DatabaseId><ESN>4641060512</ESN><GPSStatus/><IPAddress/><LastCommDateTime>2013-08-27T19:40:57</LastCommDateTime><LastConnectDateTime>2013-08-27T12:40:59.14</LastConnectDateTime><LastLatitude>39.0041505</LastLatitude><LastLoginDateTime>2013-08-27T12:40:59.14</LastLoginDateTime><LastLongitude>-95.2612396</LastLongitude><LastMessageDateTime>2013-09-26T00:53:29</LastMessageDateTime><LastMessageType>GPSSTART</LastMessageType><LastPossitionAccuracy>0</LastPossitionAccuracy><LoggedInTime>P29DT12H12M29.86S</LoggedInTime><MDCID>80812</MDCID><NumDupe>0</NumDupe><NumPendingGPS>0</NumPendingGPS><NumRestart>0</NumRestart><RecordStoreSize>0</RecordStoreSize><RegisteredDateTime>2013-08-27T12:40:59.14</RegisteredDateTime><SignalStrength>0</SignalStrength><Speed>0</Speed><TimeSinceLastPing>PT49M5.8385615S</TimeSinceLastPing><Version>BlackBox</Version></MDC><Status i:nil="true"/><TimeSinceLastPing>PT49M5.8385615S</TimeSinceLastPing><VehicleId>715429</VehicleId><VehicleName>728</VehicleName><active i:nil="true"/><odometer i:nil="true"/></Vehicle>