<ArrayOfRoute xmlns:i="http://www.w3.org/2001/XMLSchema-instance" xmlns="http://schemas.datacontract.org/2004/07/TimePointModel"><Route><CanFlagStop>false</CanFlagStop><ChangeColor>false</ChangeColor><Color>FFAE0000</Color><DisableForOTP>false</DisableForOTP><InactiveForComm>false</InactiveForComm><Opacity>255</Opacity><RouteDir1><DirectionName>Loop</DirectionName><GeoFence/><RouteId>6850</RouteId><StopList/><Vertices/></RouteDir1><RouteDir2><DirectionName/><GeoFence/><RouteId>6850</RouteId><StopList/><Vertices/></RouteDir2><RouteGroup1 i:nil="true"/><RouteGroup1ID i:nil="true"/><RouteGroup2 i:nil="true"/><RouteGroup2ID i:nil="true"/><RouteId>6850</RouteId><RouteName>1</RouteName><Status i:nil="true"/><Width>5</Width></Route><Route><CanFlagStop>false</CanFlagStop><ChangeColor>false</ChangeColor><Color>FFD2B48C</Color><DisableForOTP>false</DisableForOTP><InactiveForComm>false</InactiveForComm><Opacity>255</Opacity><RouteDir1><DirectionName>Eastbound</DirectionName><GeoFence/><RouteId>6857</RouteId><StopList/><Vertices/></RouteDir1><RouteDir2><DirectionName>Westbound</DirectionName><GeoFence/><RouteId>6857</RouteId><StopList/><Vertices/></RouteDir2><RouteGroup1 i:nil="true"/><RouteGroup1ID i:nil="true"/><RouteGroup2 i:nil="true"/><RouteGroup2ID i:nil="true"/><RouteId>6857</RouteId><RouteName>10</RouteName><Status i:nil="true"/><Width>5</Width></Route><Route><CanFlagStop>false</CanFlagStop><ChangeColor>true</ChangeColor><Color>FF87CEFA</Color><DisableForOTP>false</DisableForOTP><InactiveForComm>false</InactiveForComm><Opacity>255</Opacity><RouteDir1><DirectionName>Southbound</DirectionName><GeoFence/><RouteId>3956</RouteId><StopList/><Vertices/></RouteDir1><RouteDir2><DirectionName>Northbound</DirectionName><GeoFence/><RouteId>3956</RouteId><StopList/><Vertices/></RouteDir2><RouteGroup1 i:nil="true"/><RouteGroup1ID i:nil="true"/><RouteGroup2 i:nil="true"/><RouteGroup2ID i:nil="true"/><RouteId>3956</RouteId><RouteName>11</RouteName><Status i:nil="true"/><Width>5</Width></Route><Route><CanFlagStop>false</CanFlagStop><ChangeColor>false</ChangeColor><Color>9A972497</Color><DisableForOTP>false</DisableForOTP><InactiveForComm>false</InactiveForComm><Opacity>154</Opacity><RouteDir1><DirectionName>Northbound</DirectionName><GeoFence/><RouteId>6858</RouteId><StopList/><Vertices/></RouteDir1><RouteDir2><DirectionName>Southbound</DirectionName><GeoFence/><RouteId>6858</RouteId><StopList/><Vertices/></RouteDir2><RouteGroup1 i:nil="true"/><RouteGroup1ID i:nil="true"/><RouteGroup2 i:nil="true"/><RouteGroup2ID i:nil="true"/><RouteId>6858</RouteId><RouteName>27</RouteName><Status i:nil="true"/><Width>5</Width></Route><Route><CanFlagStop>false</CanFlagStop><ChangeColor>true</ChangeColor><Color>FFFFB6C1</Color><DisableForOTP>false</DisableForOTP><InactiveForComm>false</InactiveForComm><Opacity>255</Opacity><RouteDir1><DirectionName>Loop</DirectionName><GeoFence/><RouteId>6457</RouteId><StopList/><Vertices/></RouteDir1><RouteDir2><DirectionName/><GeoFence/><RouteId>6457</RouteId><StopList/><Vertices/></RouteDir2><RouteGroup1 i:nil="true"/><RouteGroup1ID i:nil="true"/><RouteGroup2 i:nil="true"/><RouteGroup2ID i:nil="true"/><RouteId>6457</RouteId><RouteName>29</RouteName><Status i:nil="true"/><Width>5</Width></Route><Route><CanFlagStop>false</CanFlagStop><ChangeColor>false</ChangeColor><Color>FFFF8C00</Color><DisableForOTP>false</DisableForOTP><InactiveForComm>false</InactiveForComm><Opacity>255</Opacity><RouteDir1><DirectionName>Loop</DirectionName><GeoFence/><RouteId>6851</RouteId><StopList/><Vertices/></RouteDir1><RouteDir2><DirectionName/><GeoFence/><RouteId>6851</RouteId><StopList/><Vertices/></RouteDir2><RouteGroup1 i:nil="true"/><RouteGroup1ID i:nil="true"/><RouteGroup2 i:nil="true"/><RouteGroup2ID i:nil="true"/><RouteId>6851</RouteId><RouteName>3</RouteName><Status i:nil="true"/><Width>5</Width></Route><Route><CanFlagStop>false</CanFlagStop><ChangeColor>true</ChangeColor><Color>FFFF1471</Color><DisableForOTP>false</DisableForOTP><InactiveForComm>false</InactiveForComm><Opacity>255</Opacity><RouteDir1><DirectionName>Eastbound</DirectionName><GeoFence/><RouteId>1026</RouteId><StopList/><Vertices/></RouteDir1><RouteDir2><DirectionName>Westbound</DirectionName><GeoFence/><RouteId>1026</RouteId><StopList/><Vertices/></RouteDir2><RouteGroup1 i:nil="true"/><RouteGroup1ID i:nil="true"/><RouteGroup2 i:nil="true"/><RouteGroup2ID i:nil="true"/><RouteId>1026</RouteId><RouteName>30</RouteName><Status i:nil="true"/><Width>5</Width></Route><Route><CanFlagStop>false</CanFlagStop><ChangeColor>false</ChangeColor><Color>FF008000</Color><DisableForOTP>false</DisableForOTP><InactiveForComm>false</InactiveForComm><Opacity>255</Opacity><RouteDir1><DirectionName>Eastbound</DirectionName><GeoFence/><RouteId>6566</RouteId><StopList/><Vertices/></RouteDir1><RouteDir2><DirectionName>Westbound</DirectionName><GeoFence/><RouteId>6566</RouteId><StopList/><Vertices/></RouteDir2><RouteGroup1 i:nil="true"/><RouteGroup1ID i:nil="true"/><RouteGroup2 i:nil="true"/><RouteGroup2ID i:nil="true"/><RouteId>6566</RouteId><RouteName>36</RouteName><Status i:nil="true"/><Width>5</Width></Route><Route><CanFlagStop>false</CanFlagStop><ChangeColor>true</ChangeColor><Color>FF9400D3</Color><DisableForOTP>false</DisableForOTP><InactiveForComm>false</InactiveForComm><Opacity>255</Opacity><RouteDir1><DirectionName>Northbound</DirectionName><GeoFence/><RouteId>1025</RouteId><StopList/><Vertices/></RouteDir1><RouteDir2><DirectionName>Southbound</DirectionName><GeoFence/><RouteId>1025</RouteId><StopList/><Vertices/></RouteDir2><RouteGroup1 i:nil="true"/><RouteGroup1ID i:nil="true"/><RouteGroup2 i:nil="true"/><RouteGroup2ID i:nil="true"/><RouteId>1025</RouteId><RouteName>38</RouteName><Status i:nil="true"/><Width>5</Width></Route><Route><CanFlagStop>false</CanFlagStop><ChangeColor>false</ChangeColor><Color>FF1E90FF</Color><DisableForOTP>false</DisableForOTP><InactiveForComm>false</InactiveForComm><Opacity>255</Opacity><RouteDir1><DirectionName>Northbound</DirectionName><GeoFence/><RouteId>6852</RouteId><StopList/><Vertices/></RouteDir1><RouteDir2><DirectionName>Southbound</DirectionName><GeoFence/><RouteId>6852</RouteId><StopList/><Vertices/></RouteDir2><RouteGroup1 i:nil="true"/><RouteGroup1ID i:nil="true"/><RouteGroup2 i:nil="true"/><RouteGroup2ID i:nil="true"/><RouteId>6852</RouteId><RouteName>4</RouteName><Status i:nil="true"/><Width>5</Width></Route><Route><CanFlagStop>false</CanFlagStop><ChangeColor>true</ChangeColor><Color>FF696969</Color><DisableForOTP>false</DisableForOTP><InactiveForComm>false</InactiveForComm><Opacity>255</Opacity><RouteDir1><DirectionName>Loop</DirectionName><GeoFence/><RouteId>1029</RouteId><StopList/><Vertices/></RouteDir1><RouteDir2><DirectionName/><GeoFence/><RouteId>1029</RouteId><StopList/><Vertices/></RouteDir2><RouteGroup1 i:nil="true"/><RouteGroup1ID i:nil="true"/><RouteGroup2 i:nil="true"/><RouteGroup2ID i:nil="true"/><RouteId>1029</RouteId><RouteName>41</RouteName><Status i:nil="true"/><Width>5</Width></Route><Route><CanFlagStop>false</CanFlagStop><ChangeColor>true</ChangeColor><Color>FF4169E1</Color><DisableForOTP>false</DisableForOTP><InactiveForComm>false</InactiveForComm><Opacity>255</Opacity><RouteDir1><DirectionName>Northbound Blue</DirectionName><GeoFence/><RouteId>1030</RouteId><StopList/><Vertices/></RouteDir1><RouteDir2><DirectionName>Southbound Yellow</DirectionName><GeoFence/><RouteId>1030</RouteId><StopList/><Vertices/></RouteDir2><RouteGroup1 i:nil="true"/><RouteGroup1ID i:nil="true"/><RouteGroup2 i:nil="true"/><RouteGroup2ID i:nil="true"/><RouteId>1030</RouteId><RouteName>42</RouteName><Status i:nil="true"/><Width>5</Width></Route><Route><CanFlagStop>false</CanFlagStop><ChangeColor>true</ChangeColor><Color>FFFF0000</Color><DisableForOTP>false</DisableForOTP><InactiveForComm>false</InactiveForComm><Opacity>255</Opacity><RouteDir1><DirectionName>Loop</DirectionName><GeoFence/><RouteId>1031</RouteId><StopList/><Vertices/></RouteDir1><RouteDir2><DirectionName/><GeoFence/><RouteId>1031</RouteId><StopList/><Vertices/></RouteDir2><RouteGroup1 i:nil="true"/><RouteGroup1ID i:nil="true"/><RouteGroup2 i:nil="true"/><RouteGroup2ID i:nil="true"/><RouteId>1031</RouteId><RouteName>43</RouteName><Status i:nil="true"/><Width>5</Width></Route><Route><CanFlagStop>false</CanFlagStop><ChangeColor>false</ChangeColor><Color>FF2E8B57</Color><DisableForOTP>false</DisableForOTP><InactiveForComm>false</InactiveForComm><Opacity>255</Opacity><RouteDir1><DirectionName>Eastbound</DirectionName><GeoFence/><RouteId>6853</RouteId><StopList/><Vertices/></RouteDir1><RouteDir2><DirectionName>Westbound</DirectionName><GeoFence/><RouteId>6853</RouteId><StopList/><Vertices/></RouteDir2><RouteGroup1 i:nil="true"/><RouteGroup1ID i:nil="true"/><RouteGroup2 i:nil="true"/><RouteGroup2ID i:nil="true"/><RouteId>6853</RouteId><RouteName>5</RouteName><Status i:nil="true"/><Width>5</Width></Route><Route><CanFlagStop>false</CanFlagStop><ChangeColor>true</ChangeColor><Color>FFFF0000</Color><DisableForOTP>false</DisableForOTP><InactiveForComm>false</InactiveForComm><Opacity>255</Opacity><RouteDir1><DirectionName>Loop</DirectionName><GeoFence/><RouteId>1033</RouteId><StopList/><Vertices/></RouteDir1><RouteDir2><DirectionName/><GeoFence/><RouteId>1033</RouteId><StopList/><Vertices/></RouteDir2><RouteGroup1 i:nil="true"/><RouteGroup1ID i:nil="true"/><RouteGroup2 i:nil="true"/><RouteGroup2ID i:nil="true"/><RouteId>1033</RouteId><RouteName>52</RouteName><Status i:nil="true"/><Width>5</Width></Route><Route><CanFlagStop>false</CanFlagStop><ChangeColor>true</ChangeColor><Color>FFFFD700</Color><DisableForOTP>false</DisableForOTP><InactiveForComm>false</InactiveForComm><Opacity>255</Opacity><RouteDir1><DirectionName>Loop</DirectionName><GeoFence/><RouteId>1034</RouteId><StopList/><Vertices/></RouteDir1><RouteDir2><DirectionName/><GeoFence/><RouteId>1034</RouteId><StopList/><Vertices/></RouteDir2><RouteGroup1 i:nil="true"/><RouteGroup1ID i:nil="true"/><RouteGroup2 i:nil="true"/><RouteGroup2ID i:nil="true"/><RouteId>1034</RouteId><RouteName>53</RouteName><Status i:nil="true"/><Width>5</Width></Route><Route><CanFlagStop>false</CanFlagStop><ChangeColor>true</ChangeColor><Color>FF008000</Color><DisableForOTP>false</DisableForOTP><InactiveForComm>false</InactiveForComm><Opacity>255</Opacity><RouteDir1><DirectionName>Loop</DirectionName><GeoFence/><RouteId>1035</RouteId><StopList/><Vertices/></RouteDir1><RouteDir2><DirectionName/><GeoFence/><RouteId>1035</RouteId><StopList/><Vertices/></RouteDir2><RouteGroup1 i:nil="true"/><RouteGroup1ID i:nil="true"/><RouteGroup2 i:nil="true"/><RouteGroup2ID i:nil="true"/><RouteId>1035</RouteId><RouteName>54</RouteName><Status i:nil="true"/><Width>5</Width></Route><Route><CanFlagStop>false</CanFlagStop><ChangeColor>true</ChangeColor><Color>FF4169E1</Color><DisableForOTP>false</DisableForOTP><InactiveForComm>false</InactiveForComm><Opacity>255</Opacity><RouteDir1><DirectionName>Loop</DirectionName><GeoFence/><RouteId>6456</RouteId><StopList/><Vertices/></RouteDir1><RouteDir2><DirectionName/><GeoFence/><RouteId>6456</RouteId><StopList/><Vertices/></RouteDir2><RouteGroup1 i:nil="true"/><RouteGroup1ID i:nil="true"/><RouteGroup2 i:nil="true"/><RouteGroup2ID i:nil="true"/><RouteId>6456</RouteId><RouteName>55</RouteName><Status i:nil="true"/><Width>5</Width></Route><Route><CanFlagStop>false</CanFlagStop><ChangeColor>false</ChangeColor><Color>AB00166D</Color><DisableForOTP>false</DisableForOTP><InactiveForComm>false</InactiveForComm><Opacity>171</Opacity><RouteDir1><DirectionName>Eastbound</DirectionName><GeoFence/><RouteId>6854</RouteId><StopList/><Vertices/></RouteDir1><RouteDir2><DirectionName>Westbound</DirectionName><GeoFence/><RouteId>6854</RouteId><StopList/><Vertices/></RouteDir2><RouteGroup1 i:nil="true"/><RouteGroup1ID i:nil="true"/><RouteGroup2 i:nil="true"/><RouteGroup2ID i:nil="true"/><RouteId>6854</RouteId><RouteName>6</RouteName><Status i:nil="true"/><Width>5</Width></Route><Route><CanFlagStop>false</CanFlagStop><ChangeColor>false</ChangeColor><Color>FF9ACD32</Color><DisableForOTP>false</DisableForOTP><InactiveForComm>false</InactiveForComm><Opacity>255</Opacity><RouteDir1><DirectionName>Northbound</DirectionName><GeoFence/><RouteId>6855</RouteId><StopList/><Vertices/></RouteDir1><RouteDir2><DirectionName>Southbound</DirectionName><GeoFence/><RouteId>6855</RouteId><StopList/><Vertices/></RouteDir2><RouteGroup1 i:nil="true"/><RouteGroup1ID i:nil="true"/><RouteGroup2 i:nil="true"/><RouteGroup2ID i:nil="true"/><RouteId>6855</RouteId><RouteName>7</RouteName><Status i:nil="true"/><Width>5</Width></Route><Route><CanFlagStop>false</CanFlagStop><ChangeColor>false</ChangeColor><Color>FF772700</Color><DisableForOTP>false</DisableForOTP><InactiveForComm>false</InactiveForComm><Opacity>255</Opacity><RouteDir1><DirectionName>Westbound</DirectionName><GeoFence/><RouteId>6856</RouteId><StopList/><Vertices/></RouteDir1><RouteDir2><DirectionName>Eastbound</DirectionName><GeoFence/><RouteId>6856</RouteId><StopList/><Vertices/></RouteDir2><RouteGroup1 i:nil="true"/><RouteGroup1ID i:nil="true"/><RouteGroup2 i:nil="true"/><RouteGroup2ID i:nil="true"/><RouteId>6856</RouteId><RouteName>9</RouteName><Status i:nil="true"/><Width>5</Width></Route><Route><CanFlagStop>false</CanFlagStop><ChangeColor>true</ChangeColor><Color>FFFFFFFF</Color><DisableForOTP>false</DisableForOTP><InactiveForComm>false</InactiveForComm><Opacity>255</Opacity><RouteDir1><DirectionName>Outbound</DirectionName><GeoFence/><RouteId>1037</RouteId><StopList/><Vertices/></RouteDir1><RouteDir2><DirectionName>Inbound</DirectionName><GeoFence/><RouteId>1037</RouteId><StopList/><Vertices/></RouteDir2><RouteGroup1 i:nil="true"/><RouteGroup1ID i:nil="true"/><RouteGroup2 i:nil="true"/><RouteGroup2ID i:nil="true"/><RouteId>1037</RouteId><RouteName>Depot</RouteName><Status i:nil="true"/><Width>5</Width></Route><Route><CanFlagStop>false</CanFlagStop><ChangeColor>false</ChangeColor><Color/><DisableForOTP>false</DisableForOTP><InactiveForComm>false</InactiveForComm><Opacity>0</Opacity><RouteDir1><DirectionName>Loop</DirectionName><GeoFence/><RouteId>7348</RouteId><StopList/><Vertices/></RouteDir1><RouteDir2><DirectionName/><GeoFence/><RouteId>7348</RouteId><StopList/><Vertices/></RouteDir2><RouteGroup1 i:nil="true"/><RouteGroup1ID i:nil="true"/><RouteGroup2 i:nil="true"/><RouteGroup2ID i:nil="true"/><RouteId>7348</RouteId><RouteName>FB1</RouteName><Status i:nil="true"/><Width>0</Width></Route><Route><CanFlagStop>false</CanFlagStop><ChangeColor>false</ChangeColor><Color/><DisableForOTP>false</DisableForOTP><InactiveForComm>false</InactiveForComm><Opacity>0</Opacity><RouteDir1><DirectionName>Loop</DirectionName><GeoFence/><RouteId>7349</RouteId><StopList/><Vertices/></RouteDir1><RouteDir2><DirectionName/><GeoFence/><RouteId>7349</RouteId><StopList/><Vertices/></RouteDir2><RouteGroup1 i:nil="true"/><RouteGroup1ID i:nil="true"/><RouteGroup2 i:nil="true"/><RouteGroup2ID i:nil="true"/><RouteId>7349</RouteId><RouteName>FB2</RouteName><Status i:nil="true"/><Width>0</Width></Route><Route><CanFlagStop>false</CanFlagStop><ChangeColor>false</ChangeColor><Color/><DisableForOTP>false</DisableForOTP><InactiveForComm>false</InactiveForComm><Opacity>0</Opacity><RouteDir1><DirectionName>Loop</DirectionName><GeoFence/><RouteId>7350</RouteId><StopList/><Vertices/></RouteDir1><RouteDir2><DirectionName/><GeoFence/><RouteId>7350</RouteId><StopList/><Vertices/></RouteDir2><RouteGroup1 i:nil="true"/><RouteGroup1ID i:nil="true"/><RouteGroup2 i:nil="true"/><RouteGroup2ID i:nil="true"/><RouteId>7350</RouteId><RouteName>FB3</RouteName><Status i:nil="true"/><Width>0</Width></Route></ArrayOfRoute>