<Vehicle xmlns:i="http://www.w3.org/2001/XMLSchema-instance" xmlns="http://schemas.datacontract.org/2004/07/TimePointModel"><Comment/><DVIScript xmlns:d2p1="http://mvtech.timepoint.model" i:nil="true"/><DVIScriptId i:nil="true"/><ESN>4342066175</ESN><GPSEnabled>true</GPSEnabled><GPSId>55087</GPSId><MDC><BatteryLevel>0</BatteryLevel><CreatedDateTime>2012-10-08T02:57:34.82</CreatedDateTime><DatabaseId>0</DatabaseId><ESN>4342066175</ESN><GPSStatus/><IPAddress/><LastCommDateTime>1970-01-01T00:03:20</LastCommDateTime><LastConnectDateTime>2012-10-08T02:57:34.82</LastConnectDateTime><LastLatitude>38.9656981</LastLatitude><LastLoginDateTime>2012-10-08T02:57:34.82</LastLoginDateTime><LastLongitude>-95.2474898</LastLongitude><LastMessageDateTime>2013-09-30T09:37:58</LastMessageDateTime><LastMessageType>GPSSTART</LastMessageType><LastPossitionAccuracy>0</LastPossitionAccuracy><LoggedInTime>P357DT6H40M23.18S</LoggedInTime><MDCID>55087</MDCID><NumDupe>0</NumDupe><NumPendingGPS>0</NumPendingGPS><NumRestart>0</NumRestart><RecordStoreSize>0</RecordStoreSize><RegisteredDateTime>2012-10-08T02:57:34.82</RegisteredDateTime><SignalStrength>0</SignalStrength><Speed>5</Speed><TimeSinceLastPing>PT25.4258888S</TimeSinceLastPing><Version>BlackBox</Version></MDC><Status i:nil="true"/><TimeSinceLastPing>PT25.4258888S</TimeSinceLastPing><VehicleId>1389</VehicleId><VehicleName>344</VehicleName><active i:nil="true"/><odometer i:nil="true"/></Vehicle>