<Vehicle xmlns:i="http://www.w3.org/2001/XMLSchema-instance" xmlns="http://schemas.datacontract.org/2004/07/TimePointModel"><Comment/><DVIScript xmlns:d2p1="http://mvtech.timepoint.model" i:nil="true"/><DVIScriptId i:nil="true"/><ESN>4641063010</ESN><GPSEnabled>true</GPSEnabled><GPSId>80816</GPSId><MDC><BatteryLevel>0</BatteryLevel><CreatedDateTime>2013-08-27T12:43:17.953</CreatedDateTime><DatabaseId>0</DatabaseId><ESN>4641063010</ESN><GPSStatus/><IPAddress/><LastCommDateTime>2013-08-27T19:43:16</LastCommDateTime><LastConnectDateTime>2013-08-27T12:43:17.953</LastConnectDateTime><LastLatitude>38.9353711</LastLatitude><LastLoginDateTime>2013-08-27T12:43:17.953</LastLoginDateTime><LastLongitude>-95.2232796</LastLongitude><LastMessageDateTime>2013-10-02T09:21:43</LastMessageDateTime><LastMessageType>GPSSTART</LastMessageType><LastPossitionAccuracy>0</LastPossitionAccuracy><LoggedInTime>P35DT20H38M25.047S</LoggedInTime><MDCID>80816</MDCID><NumDupe>0</NumDupe><NumPendingGPS>0</NumPendingGPS><NumRestart>0</NumRestart><RecordStoreSize>0</RecordStoreSize><RegisteredDateTime>2013-08-27T12:43:17.953</RegisteredDateTime><SignalStrength>0</SignalStrength><Speed>0</Speed><TimeSinceLastPing>PT23.0457364S</TimeSinceLastPing><Version>BlackBox</Version></MDC><Status i:nil="true"/><TimeSinceLastPing>PT23.0457364S</TimeSinceLastPing><VehicleId>715437</VehicleId><VehicleName>803</VehicleName><active i:nil="true"/><odometer i:nil="true"/></Vehicle>